{"Let\u2019s think like a detective step by step.": 0.9204360198974609, "Before we dive into the answer,": 0.9214658641815185, "We'll methodically work through this problem together.": 0.9224801230430603, "First,": 0.9229603254795075, "Let\u2019s solve this problem by splitting it into steps.": 0.9238050520420075, "We'll thoughtfully progress through this task step by step.": 0.9243341362476349, "Let's unravel this mathematical challenge gradually.": 0.9244977533817291, "Let's approach this logically, step by step.": 0.9247368478775024, "We'll take this mathematical reasoning challenge one step at a time.": 0.9251830577850342, "We'll solve this by analyzing each part of the problem.": 0.925186665058136, "The answer is after the proof.": 0.9252271592617035, "Let's systematically dissect this math task.": 0.9253507113456726, "Let\u2019s work this out in a step by step way to be sure we have the right answer.": 0.9257660710811615, "Let's meticulously examine each aspect of this problem.": 0.9259347200393677, "Let\u2019s think about this logically.": 0.9261845028400422, "Let\u2019s be realistic and think step by step.": 0.9261879742145538, "Let\u2019s think": 0.9268169569969177, "We'll tackle this math task one piece at a time.": 0.927438805103302, "Let's break this problem down step by step.": 0.9285898578166961, "Let's think step by step.": 0.9295297563076019}