{"Let's approach this logically, step by step.": 0.8660845792293549, "First,": 0.866085889339447, "Let\u2019s work this out in a step by step way to be sure we have the right answer.": 0.8666175317764282, "Let\u2019s solve this problem by splitting it into steps.": 0.8669804120063782, "Let\u2019s think": 0.8670974397659301, "We'll tackle this math task one piece at a time.": 0.8671054208278656, "We'll thoughtfully progress through this task step by step.": 0.8672929894924164, "Before we dive into the answer,": 0.8674016034603119, "Let's unravel this mathematical challenge gradually.": 0.867862821817398, "Let's systematically dissect this math task.": 0.8680854511260986, "We'll solve this by analyzing each part of the problem.": 0.868447208404541, "We'll take this mathematical reasoning challenge one step at a time.": 0.8684940099716186, "We'll methodically work through this problem together.": 0.8685318279266357, "Let's meticulously examine each aspect of this problem.": 0.8687276124954224, "Let's break this problem down step by step.": 0.8688172554969787, "Let's think step by step.": 0.8691631293296814, "The answer is after the proof.": 0.8692057418823242, "Let\u2019s be realistic and think step by step.": 0.8692777478694915, "Let\u2019s think like a detective step by step.": 0.8702240574359894, "Let\u2019s think about this logically.": 0.8706355118751525}