{"First,": 0.8076483309268951, "Let\u2019s work this out in a step by step way to be sure we have the right answer.": 0.809147983789444, "Let's break this problem down step by step.": 0.809148782491684, "Let's think step by step.": 0.8091848075389863, "Let\u2019s solve this problem by splitting it into steps.": 0.8092699980735779, "We'll methodically work through this problem together.": 0.8092953300476075, "We'll solve this by analyzing each part of the problem.": 0.8093843758106232, "The answer is after the proof.": 0.8093992912769318, "Let's unravel this mathematical challenge gradually.": 0.8097445595264435, "Let\u2019s think like a detective step by step.": 0.8098680675029755, "Let\u2019s think about this logically.": 0.8099445116519928, "We'll thoughtfully progress through this task step by step.": 0.8101258862018585, "Let's approach this logically, step by step.": 0.8103089344501495, "Let's systematically dissect this math task.": 0.8107496905326843, "Let\u2019s think": 0.8113790428638459, "Before we dive into the answer,": 0.8121277391910553, "Let\u2019s be realistic and think step by step.": 0.8121507775783539, "We'll tackle this math task one piece at a time.": 0.8121664464473725, "Let's meticulously examine each aspect of this problem.": 0.812862251996994, "We'll take this mathematical reasoning challenge one step at a time.": 0.8146978080272674}