{"Let's think step by step.": 0.8791021907329559, "Let's approach this logically, step by step.": 0.8794587898254395, "Let's meticulously examine each aspect of this problem.": 0.8795658349990845, "Let\u2019s be realistic and think step by step.": 0.8799799871444702, "Let's break this problem down step by step.": 0.8800686728954316, "Let's unravel this mathematical challenge gradually.": 0.8800778651237487, "Let\u2019s solve this problem by splitting it into steps.": 0.8802202069759368, "We'll tackle this math task one piece at a time.": 0.8803508019447327, "Let\u2019s work this out in a step by step way to be sure we have the right answer.": 0.8806488418579101, "Let's systematically dissect this math task.": 0.8806820917129516, "We'll thoughtfully progress through this task step by step.": 0.8808459436893463, "We'll take this mathematical reasoning challenge one step at a time.": 0.8809552669525147, "Let\u2019s think about this logically.": 0.8811773538589478, "Before we dive into the answer,": 0.8813101816177368, "The answer is after the proof.": 0.88167600274086, "First,": 0.881897611618042, "We'll methodically work through this problem together.": 0.882302633523941, "Let\u2019s think": 0.8823488426208496, "We'll solve this by analyzing each part of the problem.": 0.8826878833770752, "Let\u2019s think like a detective step by step.": 0.8835270953178406}