{"Let's approach this logically, step by step.": 0.8993037176132203, "Let's think step by step.": 0.900333708524704, "Let\u2019s work this out in a step by step way to be sure we have the right answer.": 0.9012354969978332, "Let's break this problem down step by step.": 0.9032006359100342, "We'll solve this by analyzing each part of the problem.": 0.9039839887619019, "We'll thoughtfully progress through this task step by step.": 0.9048964440822601, "Let\u2019s think": 0.905144315958023, "Let's meticulously examine each aspect of this problem.": 0.9058727145195007, "Let\u2019s think about this logically.": 0.9061025488376617, "We'll take this mathematical reasoning challenge one step at a time.": 0.9067896926403045, "Let\u2019s be realistic and think step by step.": 0.9076609075069427, "We'll tackle this math task one piece at a time.": 0.9086201894283295, "Let's systematically dissect this math task.": 0.9100299382209778, "Let\u2019s think like a detective step by step.": 0.9101645421981811, "We'll methodically work through this problem together.": 0.911417498588562, "Let's unravel this mathematical challenge gradually.": 0.9121993815898896, "Let\u2019s solve this problem by splitting it into steps.": 0.9136635982990264, "First,": 0.9141513919830322, "The answer is after the proof.": 0.9142888772487641, "Before we dive into the answer,": 0.916289039850235}