{"Let's approach this logically, step by step.": 0.8111094856262206, "Let's unravel this mathematical challenge gradually.": 0.8113383913040161, "Let's meticulously examine each aspect of this problem.": 0.8115548908710479, "Let\u2019s think": 0.8117871487140655, "We'll tackle this math task one piece at a time.": 0.812441588640213, "Let\u2019s think like a detective step by step.": 0.812470566034317, "Let's systematically dissect this math task.": 0.8132804119586945, "First,": 0.8134462690353393, "Let's break this problem down step by step.": 0.8143005633354187, "Let\u2019s solve this problem by splitting it into steps.": 0.814478372335434, "Before we dive into the answer,": 0.8151734006404877, "Let\u2019s be realistic and think step by step.": 0.8157082116603851, "We'll solve this by analyzing each part of the problem.": 0.8164312362670898, "Let\u2019s work this out in a step by step way to be sure we have the right answer.": 0.8165723180770874, "We'll take this mathematical reasoning challenge one step at a time.": 0.8181327188014984, "We'll methodically work through this problem together.": 0.8185120260715485, "Let's think step by step.": 0.8190874838829041, "We'll thoughtfully progress through this task step by step.": 0.8193479883670807, "Let\u2019s think about this logically.": 0.8194357419013977, "The answer is after the proof.": 0.8214714133739471}